Date,ProductID,QuantitySold,StoreID,Revenue
2025-01-19,16,5,12,27
2025-01-02,16,6,1,16
2025-01-11,8,5,1,41
2025-01-12,15,9,3,14
2025-01-20,14,3,2,17
2025-01-21,5,5,18,35
2025-01-12,8,4,18,49
2025-01-13,14,4,19,19
2025-01-11,13,6,1,21
2025-01-10,18,10,28,18
2025-01-11,19,5,11,47
2025-01-13,16,4,25,18
2025-01-10,10,8,5,24
2025-01-09,5,6,20,26
2025-01-04,17,4,28,38
2025-01-08,8,8,23,44
2025-01-17,18,1,17,45
2025-01-04,17,7,25,46
2025-01-12,12,5,16,45
2025-01-04,7,7,27,27
2025-01-14,3,5,4,46
2025-01-16,18,9,20,46
2025-01-16,6,9,29,48
2025-01-21,15,3,19,25
2025-01-20,9,8,14,17
2025-01-10,19,5,22,45
2025-01-16,12,6,19,37
2025-01-06,20,6,18,10
2025-01-02,18,6,29,36
2025-01-13,13,5,17,19
2025-01-21,6,4,6,45
2025-01-04,10,10,5,22
2025-01-15,2,2,23,37
2025-01-04,2,10,23,40
2025-01-14,8,10,14,23
2025-01-08,16,9,19,31
2025-01-15,20,3,28,40
2025-01-03,11,8,1,13
2025-01-06,11,2,3,46
2025-01-21,20,1,30,19
2025-01-09,6,9,20,47
2025-01-19,8,7,30,36
2025-01-20,20,7,26,26
2025-01-04,4,5,29,47
2025-01-19,10,7,11,40
2025-01-19,6,7,4,27
2025-01-17,14,6,16,44
2025-01-20,4,9,27,15
2025-01-05,3,4,9,12
2025-01-17,15,3,29,36
2025-01-16,20,8,27,49
2025-01-12,17,5,30,42
2025-01-05,1,6,16,38
2025-01-05,15,6,20,18
2025-01-21,5,1,3,28
2025-01-10,16,10,25,20
2025-01-11,7,8,30,25
2025-01-07,4,8,16,35
2025-01-16,5,3,9,36
2025-01-06,17,2,9,13
2025-01-20,15,8,11,12
2025-01-10,16,4,29,37
2025-01-16,20,4,9,14
2025-01-07,6,1,10,41
2025-01-02,6,4,2,40
2025-01-15,6,4,19,10
2025-01-02,5,9,3,31
2025-01-11,15,7,17,33
2025-01-13,8,8,13,26
2025-01-20,19,6,30,29
2025-01-13,11,8,20,48
2025-01-08,6,8,13,13
2025-01-14,8,7,28,11
2025-01-12,14,1,18,21
2025-01-11,1,7,23,24
2025-01-20,3,1,20,21
2025-01-12,16,1,5,38
2025-01-14,6,8,1,18
2025-01-21,6,3,16,10
2025-01-06,15,5,22,13
2025-01-17,10,2,19,11
2025-01-14,2,7,9,43
2025-01-13,9,3,16,14
2025-01-18,8,1,15,31
2025-01-12,7,3,28,12
2025-01-12,18,9,26,45
2025-01-16,19,10,14,18
2025-01-15,20,6,25,50
2025-01-19,17,5,27,36
2025-01-11,8,9,11,50
2025-01-09,11,2,7,17
2025-01-11,14,9,6,49
2025-01-05,18,3,28,26
2025-01-15,13,2,20,16
2025-01-04,1,1,25,13
2025-01-20,10,3,3,16
2025-01-08,9,2,9,15
2025-01-07,20,7,6,35
2025-01-15,19,3,16,30
2025-01-07,7,1,9,10
2025-01-19,15,6,20,30
2025-01-14,12,4,16,41
2025-01-15,5,8,20,29
2025-01-14,11,10,25,22
2025-01-13,19,4,8,40
2025-01-10,9,2,14,10
2025-01-02,18,9,16,22
2025-01-12,13,10,23,45
2025-01-09,9,4,26,47
2025-01-05,14,9,29,43
2025-01-16,10,7,14,47
2025-01-20,12,1,29,30
2025-01-16,3,5,11,13
2025-01-08,3,8,7,37
2025-01-18,5,3,7,46
2025-01-13,12,2,6,49
2025-01-08,1,8,27,50
2025-01-09,17,5,6,18
2025-01-06,9,5,9,46
2025-01-15,8,3,9,32
2025-01-17,14,7,23,16
2025-01-10,8,3,21,46
2025-01-05,18,5,10,23
2025-01-19,18,10,10,25
2025-01-20,7,6,13,41
2025-01-08,13,10,24,13
2025-01-14,10,1,30,48
2025-01-09,3,10,21,30
2025-01-21,5,5,9,14
2025-01-10,2,8,4,40
2025-01-03,9,6,10,39
2025-01-18,14,1,14,50
2025-01-19,7,8,18,30
2025-01-04,2,8,13,19
2025-01-16,17,4,26,48
2025-01-21,17,8,23,20
2025-01-03,7,5,21,10
2025-01-12,16,5,9,21
2025-01-06,14,1,12,18
2025-01-13,16,8,15,45
2025-01-02,15,1,14,37
2025-01-10,9,1,18,20
2025-01-04,11,6,8,13
2025-01-08,14,10,27,40
2025-01-08,17,5,8,42
2025-01-10,17,6,13,21
2025-01-15,2,2,17,38
2025-01-10,7,3,13,11
2025-01-21,1,5,23,44
2025-01-13,7,7,28,44
2025-01-14,16,7,8,39
2025-01-04,5,5,2,14
2025-01-20,8,4,19,28
2025-01-19,16,3,16,24
2025-01-11,11,9,30,24
2025-01-20,13,7,13,44
2025-01-14,5,6,19,36
2025-01-21,16,8,12,21
2025-01-08,11,2,12,19
2025-01-12,5,2,29,48
2025-01-13,2,7,27,21
2025-01-10,8,8,18,17
2025-01-20,15,5,26,18
2025-01-11,7,7,29,31
2025-01-03,19,5,17,21
2025-01-02,20,6,4,48
2025-01-16,14,10,2,30
2025-01-21,17,5,14,41
2025-01-21,5,7,20,47
2025-01-18,18,4,17,35
2025-01-14,4,10,15,38
2025-01-13,12,5,8,21
2025-01-02,17,5,20,40
2025-01-16,12,6,27,23
2025-01-10,4,6,11,49
2025-01-21,15,4,26,32
2025-01-09,1,5,1,21
2025-01-20,8,8,19,19
2025-01-15,9,6,7,29
2025-01-04,20,7,23,33
2025-01-19,8,7,8,49
2025-01-09,16,5,30,25
2025-01-14,15,9,6,31
2025-01-15,6,10,29,23
2025-01-11,17,6,15,27
2025-01-04,18,7,3,27
2025-01-09,6,3,20,31
2025-01-15,16,6,20,41
2025-01-11,7,7,9,26
2025-01-21,11,10,6,16
2025-01-10,8,4,12,20
2025-01-06,18,4,13,23
2025-01-08,14,5,22,18
2025-01-21,20,8,14,25
2025-01-04,20,4,8,41
2025-01-15,7,3,22,24
2025-01-20,2,4,7,40
2025-01-16,5,2,12,50
2025-01-11,8,7,23,45
2025-01-08,6,1,10,30
2025-01-19,11,10,10,20
2025-01-16,8,2,18,45
2025-01-11,4,1,24,28
2025-01-04,12,10,30,41
2025-01-18,7,4,30,48
2025-01-09,11,1,1,35
2025-01-19,8,1,20,13
2025-01-03,15,5,27,44
2025-01-06,10,10,17,26
2025-01-02,11,3,1,32
2025-01-06,14,1,2,42
2025-01-19,11,1,17,13
2025-01-16,6,5,21,25
2025-01-10,7,3,16,32
2025-01-03,17,2,20,32
2025-01-19,5,5,18,46
2025-01-12,3,5,28,48
2025-01-11,10,10,25,30
2025-01-18,5,6,17,38
2025-01-03,17,6,14,31
2025-01-13,8,1,18,48
2025-01-16,12,10,30,29
2025-01-10,13,1,5,25
2025-01-19,10,6,28,28
2025-01-12,12,2,8,22
2025-01-03,3,10,22,18
2025-01-16,6,4,27,17
2025-01-04,20,4,13,11
2025-01-04,19,7,29,46
2025-01-04,20,3,14,40
2025-01-13,2,10,30,35
2025-01-20,3,10,23,29
2025-01-13,13,1,1,22
2025-01-20,15,5,22,35
2025-01-03,8,5,15,11
2025-01-04,20,6,13,45
2025-01-16,7,7,22,13
2025-01-17,19,2,9,47
2025-01-19,20,3,30,47
2025-01-03,12,6,23,29
2025-01-18,17,4,28,26
2025-01-10,18,1,10,26
2025-01-10,6,1,20,39
2025-01-13,7,8,12,39
2025-01-04,4,7,19,11
2025-01-02,10,2,28,13
2025-01-18,1,7,4,20
2025-01-03,18,5,13,20
2025-01-16,13,3,27,45
2025-01-18,11,9,13,11
2025-01-21,8,6,7,14
2025-01-08,10,5,13,44
2025-01-04,8,2,8,20
2025-01-20,11,7,25,19
2025-01-16,10,8,20,17
2025-01-09,4,2,6,27
2025-01-16,16,7,18,45
2025-01-16,5,4,18,13
2025-01-07,8,9,11,12
2025-01-09,9,8,28,34
2025-01-20,6,10,25,22
2025-01-12,17,8,25,39
2025-01-12,13,7,26,46
2025-01-20,18,5,8,45
2025-01-19,1,1,3,47
2025-01-14,7,5,13,36
2025-01-20,18,8,27,35
2025-01-17,9,1,29,42
2025-01-04,19,9,28,27
2025-01-21,9,9,5,21
2025-01-20,15,10,18,44
2025-01-07,8,7,7,22
2025-01-06,16,8,24,11
2025-01-06,8,9,1,17
2025-01-11,16,6,26,27
2025-01-15,2,8,11,48
2025-01-06,18,2,27,32
2025-01-16,14,1,7,47
2025-01-17,5,3,8,45
2025-01-20,6,10,6,15
2025-01-16,1,7,7,24
2025-01-09,12,7,30,30
2025-01-07,12,5,20,39
2025-01-11,17,5,15,30
2025-01-04,20,9,2,31
2025-01-13,5,3,25,50
2025-01-06,19,6,28,33
2025-01-12,16,9,20,23
2025-01-12,8,1,21,44
2025-01-03,19,1,5,36
2025-01-06,3,1,12,29
2025-01-09,19,3,10,36
2025-01-04,10,4,13,20
2025-01-02,6,9,20,39
2025-01-18,2,1,29,19
2025-01-15,3,6,13,18
2025-01-14,11,8,9,24
2025-01-15,3,7,24,49
2025-01-12,1,9,26,46
2025-01-03,18,3,2,10
2025-01-06,14,8,26,28
2025-01-02,7,7,13,12
2025-01-03,2,2,23,33
2025-01-18,20,5,26,37
2025-01-07,6,10,26,12
2025-01-07,11,4,21,45
2025-01-09,4,9,20,40
2025-01-15,12,1,28,42
2025-01-21,14,4,8,18
2025-01-06,10,5,18,29
2025-01-20,1,7,24,34
2025-01-07,16,2,7,13
2025-01-12,12,6,22,29
2025-01-11,19,5,23,29
2025-01-08,3,3,9,49
2025-01-02,14,7,27,39
2025-01-10,16,6,19,36
2025-01-06,16,4,25,50
2025-01-03,15,8,2,23
2025-01-11,5,5,13,15
2025-01-11,20,2,27,41
2025-01-13,5,4,13,23
2025-01-04,11,6,18,37
2025-01-12,14,4,5,25
2025-01-14,7,5,8,10
2025-01-20,2,5,14,45
2025-01-02,7,7,17,18
2025-01-10,4,1,21,36
2025-01-16,17,10,28,44
2025-01-17,11,3,28,23
2025-01-05,12,10,13,29
2025-01-12,12,10,2,11
2025-01-12,9,3,24,39
2025-01-18,8,10,4,47
2025-01-04,10,1,29,49
2025-01-21,5,4,24,15
2025-01-07,18,1,14,31
2025-01-10,3,5,25,48
2025-01-18,13,10,3,38
2025-01-14,1,8,17,45
2025-01-15,15,1,2,44
2025-01-05,13,8,28,37
2025-01-19,11,7,15,32
2025-01-06,14,9,8,42
2025-01-05,8,7,19,22
2025-01-17,4,6,21,12
2025-01-13,10,2,11,48
2025-01-03,19,10,13,48
2025-01-09,10,9,29,19
2025-01-21,12,3,26,15
2025-01-14,5,10,27,27
2025-01-11,14,6,10,37
2025-01-17,2,3,19,49
2025-01-10,1,4,7,32
2025-01-19,16,5,25,45
2025-01-04,18,1,2,27
2025-01-21,17,5,18,23
2025-01-18,10,3,20,38
2025-01-09,11,6,25,21
2025-01-18,14,5,6,43
2025-01-03,14,1,11,12
2025-01-16,5,2,24,28
2025-01-06,18,7,1,37
2025-01-13,1,8,25,46
2025-01-13,7,3,25,48
2025-01-11,15,1,30,19
2025-01-19,11,7,5,34
2025-01-21,10,2,1,23
2025-01-16,19,7,9,41
2025-01-13,9,10,28,14
2025-01-21,10,3,24,14
2025-01-15,4,3,30,47
2025-01-12,5,6,5,37
2025-01-21,5,7,30,50
2025-01-19,8,1,18,11
2025-01-06,6,4,13,47
2025-01-13,14,9,10,17
2025-01-20,5,8,6,24
2025-01-08,1,4,4,18
2025-01-21,6,7,5,13
2025-01-19,6,7,18,16
2025-01-02,6,8,23,37
2025-01-19,14,9,7,30
2025-01-15,10,7,14,15
2025-01-15,6,2,4,48
2025-01-12,18,5,4,39
2025-01-08,13,3,1,37
2025-01-07,6,8,26,30
2025-01-18,19,8,13,50
2025-01-16,7,1,12,43
2025-01-04,20,2,1,33
2025-01-21,7,7,29,11
2025-01-18,12,2,29,50
2025-01-11,18,1,15,39
2025-01-03,7,7,13,39
2025-01-09,7,4,30,47
2025-01-16,2,7,30,43
2025-01-10,2,4,4,14
2025-01-03,2,2,25,20
2025-01-21,20,9,24,46
2025-01-19,12,1,24,37
2025-01-17,20,2,2,14
2025-01-21,19,8,3,48
2025-01-13,5,8,15,35
2025-01-06,14,4,24,18
2025-01-18,6,5,13,38
2025-01-20,10,3,10,29
2025-01-12,6,9,28,29
2025-01-14,5,5,23,45
2025-01-06,1,10,3,25
2025-01-08,7,10,21,39
2025-01-14,2,5,18,38
2025-01-07,15,5,21,35
2025-01-06,13,7,27,22
2025-01-19,10,9,20,48
2025-01-03,17,4,2,47
2025-01-08,9,7,3,50
2025-01-08,1,8,2,44
2025-01-05,16,6,22,32
2025-01-13,12,4,14,39
2025-01-16,11,2,7,40
2025-01-17,14,5,14,17
2025-01-11,6,10,19,30
2025-01-06,7,2,2,13
2025-01-21,8,6,3,35
2025-01-11,7,3,27,49
2025-01-11,18,2,4,26
2025-01-19,16,10,10,23
2025-01-02,5,3,19,30
2025-01-15,18,9,18,15
2025-01-04,2,4,7,30
2025-01-17,13,1,21,39
2025-01-05,13,6,5,32
2025-01-03,20,4,8,27
2025-01-21,3,3,25,36
2025-01-03,15,5,20,26
2025-01-11,16,9,22,28
2025-01-19,3,5,2,39
2025-01-11,9,10,4,41
2025-01-10,5,5,15,22
2025-01-16,18,6,22,39
2025-01-09,9,2,18,10
2025-01-15,18,9,30,17
2025-01-06,10,3,3,25
2025-01-20,14,8,27,27
2025-01-15,15,8,30,29
2025-01-03,11,10,16,14
2025-01-12,4,7,4,10
2025-01-20,10,9,20,37
2025-01-19,12,6,21,15
2025-01-20,7,2,4,20
2025-01-02,19,2,22,39
2025-01-04,2,9,22,40
2025-01-16,6,6,27,36
2025-01-06,20,5,25,50
2025-01-14,10,4,27,23
2025-01-02,1,8,3,12
2025-01-20,19,5,29,33
2025-01-18,3,1,30,35
2025-01-03,19,8,4,18
2025-01-10,18,4,9,49
2025-01-15,6,1,7,26
2025-01-05,17,3,1,16
2025-01-07,4,7,11,38
2025-01-07,11,5,20,20
2025-01-12,14,2,19,19
2025-01-17,8,1,13,33
2025-01-02,18,8,8,50
2025-01-18,5,10,28,29
2025-01-19,18,7,12,16
2025-01-05,19,6,24,43
2025-01-15,8,9,1,22
2025-01-13,14,9,26,41
2025-01-14,1,3,12,35
2025-01-18,6,10,7,34
2025-01-04,17,10,18,10
2025-01-06,1,4,11,14
2025-01-07,2,9,15,25
2025-01-12,12,9,26,19
2025-01-13,10,5,19,18
2025-01-02,1,1,16,40
2025-01-13,18,7,22,10
2025-01-11,1,10,28,31
2025-01-20,16,1,26,34
2025-01-11,17,9,17,19
2025-01-12,10,8,22,38
2025-01-19,12,9,18,13
2025-01-13,18,1,23,32
2025-01-14,19,8,24,48
2025-01-12,19,5,20,22
2025-01-11,11,2,25,41
2025-01-11,2,5,19,49
2025-01-18,18,9,28,20
2025-01-13,10,2,15,46
2025-01-11,14,9,16,40
2025-01-18,18,9,26,42
2025-01-12,16,7,22,43
2025-01-03,9,1,14,13
2025-01-19,18,2,24,21
2025-01-09,9,8,7,44
